{
  "name": "A3_control",
  "global_cos": 0.0021913268137723207,
  "per_row_fractions": {
    "0.1": 0.7486482262611389,
    "0.2": 0.3518010377883911,
    "0.3": 0.00415473897010088,
    "0.5": 0.0
  },
  "discrepancy": 1.895992393279115,
  "val_loss": 7.656435012817383
}